Route,Test Type,cpuUsageDiff_mean,cpuUsageDiff_median,cpuUsageDiff_mode,ramUsageDiff_mean,ramUsageDiff_median,ramUsageDiff_mode,transactionCost_mean,transactionCost_median,transactionCost_mode,latency_mean,latency_median,latency_mode
GET /has_permission/,batch,0.002000400080016003,0.0,0.0,-0.00022204440888176345,0.0,0.0,0.0,0.0,0.0,17.04360872174435,10.0,9.0
GET /has_permission/,concurrent,0.0,0.0,0.0,0.0072757585861953035,0.0,0.0,0.0,0.0,0.0,-5130.600200066689,6.0,5.0
GET /has_permission/,sequential,0.0,0.0,0.0,0.0,0.0,0.0,0.0,0.0,0.0,111.31831831831832,4.0,4.0
GET /role/,batch,0.0,0.0,0.0,-0.00024000000000001337,0.0,0.0,0.0,0.0,0.0,-198.6614,11.0,10.0
GET /role/,concurrent,0.0,0.0,0.0,0.0031633333333332867,0.0,0.0,0.0,0.0,0.0,64.48733333333334,6.0,6.0
GET /role/,sequential,0.0,0.0,0.0,0.00011000000000001364,0.0,0.0,0.0,0.0,0.0,4.6,4.0,4.0
POST /create_user_with_dynamic_gas,batch,0.0,0.0,0.0,0.006430000000000007,0.0,0.0,2117616006.0,2117616006.0,2117616006.0,-192.921,396.0,366.0
POST /create_user_with_dynamic_gas,concurrent,0.0,0.0,0.0,-0.08415999999999968,0.12000000000000455,0.0,2117616006.0,2117616006.0,2117616006.0,-72.272,618.0,606.0
POST /create_user_with_dynamic_gas,sequential,0.0,0.0,0.0,0.0015300000000000118,0.0,0.0,2117616006.0,2117616006.0,2117616006.0,375.112,329.0,329.0
